,Species,Region
0,Adelie Penguin (Pygoscelis adeliae),Anvers
1,Adelie Penguin (Pygoscelis adeliae),Anvers
2,Adelie Penguin (Pygoscelis adeliae),Anvers
3,Adelie Penguin (Pygoscelis adeliae),Anvers
4,Adelie Penguin (Pygoscelis adeliae),Anvers
5,Adelie Penguin (Pygoscelis adeliae),Anvers
6,Adelie Penguin (Pygoscelis adeliae),Anvers
7,Adelie Penguin (Pygoscelis adeliae),Anvers
8,Adelie Penguin (Pygoscelis adeliae),Anvers
9,Adelie Penguin (Pygoscelis adeliae),Anvers
10,Adelie Penguin (Pygoscelis adeliae),Anvers
11,Adelie Penguin (Pygoscelis adeliae),Anvers
12,Adelie Penguin (Pygoscelis adeliae),Anvers
13,Adelie Penguin (Pygoscelis adeliae),Anvers
14,Adelie Penguin (Pygoscelis adeliae),Anvers
15,Adelie Penguin (Pygoscelis adeliae),Anvers
16,Adelie Penguin (Pygoscelis adeliae),Anvers
17,Adelie Penguin (Pygoscelis adeliae),Anvers
18,Adelie Penguin (Pygoscelis adeliae),Anvers
19,Adelie Penguin (Pygoscelis adeliae),Anvers
20,Adelie Penguin (Pygoscelis adeliae),Anvers
21,Adelie Penguin (Pygoscelis adeliae),Anvers
22,Adelie Penguin (Pygoscelis adeliae),Anvers
23,Adelie Penguin (Pygoscelis adeliae),Anvers
24,Adelie Penguin (Pygoscelis adeliae),Anvers
25,Adelie Penguin (Pygoscelis adeliae),Anvers
26,Adelie Penguin (Pygoscelis adeliae),Anvers
27,Adelie Penguin (Pygoscelis adeliae),Anvers
28,Adelie Penguin (Pygoscelis adeliae),Anvers
29,Adelie Penguin (Pygoscelis adeliae),Anvers
30,Adelie Penguin (Pygoscelis adeliae),Anvers
31,Adelie Penguin (Pygoscelis adeliae),Anvers
32,Adelie Penguin (Pygoscelis adeliae),Anvers
33,Adelie Penguin (Pygoscelis adeliae),Anvers
34,Adelie Penguin (Pygoscelis adeliae),Anvers
35,Adelie Penguin (Pygoscelis adeliae),Anvers
36,Adelie Penguin (Pygoscelis adeliae),Anvers
37,Adelie Penguin (Pygoscelis adeliae),Anvers
38,Adelie Penguin (Pygoscelis adeliae),Anvers
39,Adelie Penguin (Pygoscelis adeliae),Anvers
40,Adelie Penguin (Pygoscelis adeliae),Anvers
41,Adelie Penguin (Pygoscelis adeliae),Anvers
42,Adelie Penguin (Pygoscelis adeliae),Anvers
43,Adelie Penguin (Pygoscelis adeliae),Anvers
44,Adelie Penguin (Pygoscelis adeliae),Anvers
45,Adelie Penguin (Pygoscelis adeliae),Anvers
46,Adelie Penguin (Pygoscelis adeliae),Anvers
47,Adelie Penguin (Pygoscelis adeliae),Anvers
48,Adelie Penguin (Pygoscelis adeliae),Anvers
49,Adelie Penguin (Pygoscelis adeliae),Anvers
50,Adelie Penguin (Pygoscelis adeliae),Anvers
51,Adelie Penguin (Pygoscelis adeliae),Anvers
52,Adelie Penguin (Pygoscelis adeliae),Anvers
53,Adelie Penguin (Pygoscelis adeliae),Anvers
54,Adelie Penguin (Pygoscelis adeliae),Anvers
55,Adelie Penguin (Pygoscelis adeliae),Anvers
56,Adelie Penguin (Pygoscelis adeliae),Anvers
57,Adelie Penguin (Pygoscelis adeliae),Anvers
58,Adelie Penguin (Pygoscelis adeliae),Anvers
59,Adelie Penguin (Pygoscelis adeliae),Anvers
60,Adelie Penguin (Pygoscelis adeliae),Anvers
61,Adelie Penguin (Pygoscelis adeliae),Anvers
62,Adelie Penguin (Pygoscelis adeliae),Anvers
63,Adelie Penguin (Pygoscelis adeliae),Anvers
64,Adelie Penguin (Pygoscelis adeliae),Anvers
65,Adelie Penguin (Pygoscelis adeliae),Anvers
66,Adelie Penguin (Pygoscelis adeliae),Anvers
67,Adelie Penguin (Pygoscelis adeliae),Anvers
68,Adelie Penguin (Pygoscelis adeliae),Anvers
69,Adelie Penguin (Pygoscelis adeliae),Anvers
70,Adelie Penguin (Pygoscelis adeliae),Anvers
71,Adelie Penguin (Pygoscelis adeliae),Anvers
72,Adelie Penguin (Pygoscelis adeliae),Anvers
73,Adelie Penguin (Pygoscelis adeliae),Anvers
74,Adelie Penguin (Pygoscelis adeliae),Anvers
75,Adelie Penguin (Pygoscelis adeliae),Anvers
76,Adelie Penguin (Pygoscelis adeliae),Anvers
77,Adelie Penguin (Pygoscelis adeliae),Anvers
78,Adelie Penguin (Pygoscelis adeliae),Anvers
79,Adelie Penguin (Pygoscelis adeliae),Anvers
80,Adelie Penguin (Pygoscelis adeliae),Anvers
81,Adelie Penguin (Pygoscelis adeliae),Anvers
82,Adelie Penguin (Pygoscelis adeliae),Anvers
83,Adelie Penguin (Pygoscelis adeliae),Anvers
84,Adelie Penguin (Pygoscelis adeliae),Anvers
85,Adelie Penguin (Pygoscelis adeliae),Anvers
86,Adelie Penguin (Pygoscelis adeliae),Anvers
87,Adelie Penguin (Pygoscelis adeliae),Anvers
88,Adelie Penguin (Pygoscelis adeliae),Anvers
89,Adelie Penguin (Pygoscelis adeliae),Anvers
90,Adelie Penguin (Pygoscelis adeliae),Anvers
91,Adelie Penguin (Pygoscelis adeliae),Anvers
92,Adelie Penguin (Pygoscelis adeliae),Anvers
93,Adelie Penguin (Pygoscelis adeliae),Anvers
94,Adelie Penguin (Pygoscelis adeliae),Anvers
95,Adelie Penguin (Pygoscelis adeliae),Anvers
96,Adelie Penguin (Pygoscelis adeliae),Anvers
97,Adelie Penguin (Pygoscelis adeliae),Anvers
98,Adelie Penguin (Pygoscelis adeliae),Anvers
99,Adelie Penguin (Pygoscelis adeliae),Anvers
100,Adelie Penguin (Pygoscelis adeliae),Anvers
101,Adelie Penguin (Pygoscelis adeliae),Anvers
102,Adelie Penguin (Pygoscelis adeliae),Anvers
103,Adelie Penguin (Pygoscelis adeliae),Anvers
104,Adelie Penguin (Pygoscelis adeliae),Anvers
105,Adelie Penguin (Pygoscelis adeliae),Anvers
106,Adelie Penguin (Pygoscelis adeliae),Anvers
107,Adelie Penguin (Pygoscelis adeliae),Anvers
108,Adelie Penguin (Pygoscelis adeliae),Anvers
109,Adelie Penguin (Pygoscelis adeliae),Anvers
110,Adelie Penguin (Pygoscelis adeliae),Anvers
111,Adelie Penguin (Pygoscelis adeliae),Anvers
112,Adelie Penguin (Pygoscelis adeliae),Anvers
113,Adelie Penguin (Pygoscelis adeliae),Anvers
114,Adelie Penguin (Pygoscelis adeliae),Anvers
115,Adelie Penguin (Pygoscelis adeliae),Anvers
116,Adelie Penguin (Pygoscelis adeliae),Anvers
117,Adelie Penguin (Pygoscelis adeliae),Anvers
118,Adelie Penguin (Pygoscelis adeliae),Anvers
119,Adelie Penguin (Pygoscelis adeliae),Anvers
120,Adelie Penguin (Pygoscelis adeliae),Anvers
121,Adelie Penguin (Pygoscelis adeliae),Anvers
122,Adelie Penguin (Pygoscelis adeliae),Anvers
123,Adelie Penguin (Pygoscelis adeliae),Anvers
124,Adelie Penguin (Pygoscelis adeliae),Anvers
125,Adelie Penguin (Pygoscelis adeliae),Anvers
126,Adelie Penguin (Pygoscelis adeliae),Anvers
127,Adelie Penguin (Pygoscelis adeliae),Anvers
128,Adelie Penguin (Pygoscelis adeliae),Anvers
129,Adelie Penguin (Pygoscelis adeliae),Anvers
130,Adelie Penguin (Pygoscelis adeliae),Anvers
131,Adelie Penguin (Pygoscelis adeliae),Anvers
132,Adelie Penguin (Pygoscelis adeliae),Anvers
133,Adelie Penguin (Pygoscelis adeliae),Anvers
134,Adelie Penguin (Pygoscelis adeliae),Anvers
135,Adelie Penguin (Pygoscelis adeliae),Anvers
136,Adelie Penguin (Pygoscelis adeliae),Anvers
137,Adelie Penguin (Pygoscelis adeliae),Anvers
138,Adelie Penguin (Pygoscelis adeliae),Anvers
139,Adelie Penguin (Pygoscelis adeliae),Anvers
140,Adelie Penguin (Pygoscelis adeliae),Anvers
141,Adelie Penguin (Pygoscelis adeliae),Anvers
142,Adelie Penguin (Pygoscelis adeliae),Anvers
143,Adelie Penguin (Pygoscelis adeliae),Anvers
144,Adelie Penguin (Pygoscelis adeliae),Anvers
145,Adelie Penguin (Pygoscelis adeliae),Anvers
146,Adelie Penguin (Pygoscelis adeliae),Anvers
147,Adelie Penguin (Pygoscelis adeliae),Anvers
148,Adelie Penguin (Pygoscelis adeliae),Anvers
149,Adelie Penguin (Pygoscelis adeliae),Anvers
150,Adelie Penguin (Pygoscelis adeliae),Anvers
151,Adelie Penguin (Pygoscelis adeliae),Anvers
152,Chinstrap penguin (Pygoscelis antarctica),Anvers
153,Chinstrap penguin (Pygoscelis antarctica),Anvers
154,Chinstrap penguin (Pygoscelis antarctica),Anvers
155,Chinstrap penguin (Pygoscelis antarctica),Anvers
156,Chinstrap penguin (Pygoscelis antarctica),Anvers
157,Chinstrap penguin (Pygoscelis antarctica),Anvers
158,Chinstrap penguin (Pygoscelis antarctica),Anvers
159,Chinstrap penguin (Pygoscelis antarctica),Anvers
160,Chinstrap penguin (Pygoscelis antarctica),Anvers
161,Chinstrap penguin (Pygoscelis antarctica),Anvers
162,Chinstrap penguin (Pygoscelis antarctica),Anvers
163,Chinstrap penguin (Pygoscelis antarctica),Anvers
164,Chinstrap penguin (Pygoscelis antarctica),Anvers
165,Chinstrap penguin (Pygoscelis antarctica),Anvers
166,Chinstrap penguin (Pygoscelis antarctica),Anvers
167,Chinstrap penguin (Pygoscelis antarctica),Anvers
168,Chinstrap penguin (Pygoscelis antarctica),Anvers
169,Chinstrap penguin (Pygoscelis antarctica),Anvers
170,Chinstrap penguin (Pygoscelis antarctica),Anvers
171,Chinstrap penguin (Pygoscelis antarctica),Anvers
172,Chinstrap penguin (Pygoscelis antarctica),Anvers
173,Chinstrap penguin (Pygoscelis antarctica),Anvers
174,Chinstrap penguin (Pygoscelis antarctica),Anvers
175,Chinstrap penguin (Pygoscelis antarctica),Anvers
176,Chinstrap penguin (Pygoscelis antarctica),Anvers
177,Chinstrap penguin (Pygoscelis antarctica),Anvers
178,Chinstrap penguin (Pygoscelis antarctica),Anvers
179,Chinstrap penguin (Pygoscelis antarctica),Anvers
180,Chinstrap penguin (Pygoscelis antarctica),Anvers
181,Chinstrap penguin (Pygoscelis antarctica),Anvers
182,Chinstrap penguin (Pygoscelis antarctica),Anvers
183,Chinstrap penguin (Pygoscelis antarctica),Anvers
184,Chinstrap penguin (Pygoscelis antarctica),Anvers
185,Chinstrap penguin (Pygoscelis antarctica),Anvers
186,Chinstrap penguin (Pygoscelis antarctica),Anvers
187,Chinstrap penguin (Pygoscelis antarctica),Anvers
188,Chinstrap penguin (Pygoscelis antarctica),Anvers
189,Chinstrap penguin (Pygoscelis antarctica),Anvers
190,Chinstrap penguin (Pygoscelis antarctica),Anvers
191,Chinstrap penguin (Pygoscelis antarctica),Anvers
192,Chinstrap penguin (Pygoscelis antarctica),Anvers
193,Chinstrap penguin (Pygoscelis antarctica),Anvers
194,Chinstrap penguin (Pygoscelis antarctica),Anvers
195,Chinstrap penguin (Pygoscelis antarctica),Anvers
196,Chinstrap penguin (Pygoscelis antarctica),Anvers
197,Chinstrap penguin (Pygoscelis antarctica),Anvers
198,Chinstrap penguin (Pygoscelis antarctica),Anvers
199,Chinstrap penguin (Pygoscelis antarctica),Anvers
200,Chinstrap penguin (Pygoscelis antarctica),Anvers
201,Chinstrap penguin (Pygoscelis antarctica),Anvers
202,Chinstrap penguin (Pygoscelis antarctica),Anvers
203,Chinstrap penguin (Pygoscelis antarctica),Anvers
204,Chinstrap penguin (Pygoscelis antarctica),Anvers
205,Chinstrap penguin (Pygoscelis antarctica),Anvers
206,Chinstrap penguin (Pygoscelis antarctica),Anvers
207,Chinstrap penguin (Pygoscelis antarctica),Anvers
208,Chinstrap penguin (Pygoscelis antarctica),Anvers
209,Chinstrap penguin (Pygoscelis antarctica),Anvers
210,Chinstrap penguin (Pygoscelis antarctica),Anvers
211,Chinstrap penguin (Pygoscelis antarctica),Anvers
212,Chinstrap penguin (Pygoscelis antarctica),Anvers
213,Chinstrap penguin (Pygoscelis antarctica),Anvers
214,Chinstrap penguin (Pygoscelis antarctica),Anvers
215,Chinstrap penguin (Pygoscelis antarctica),Anvers
216,Chinstrap penguin (Pygoscelis antarctica),Anvers
217,Chinstrap penguin (Pygoscelis antarctica),Anvers
218,Chinstrap penguin (Pygoscelis antarctica),Anvers
219,Chinstrap penguin (Pygoscelis antarctica),Anvers
220,Gentoo penguin (Pygoscelis papua),Anvers
221,Gentoo penguin (Pygoscelis papua),Anvers
222,Gentoo penguin (Pygoscelis papua),Anvers
223,Gentoo penguin (Pygoscelis papua),Anvers
224,Gentoo penguin (Pygoscelis papua),Anvers
225,Gentoo penguin (Pygoscelis papua),Anvers
226,Gentoo penguin (Pygoscelis papua),Anvers
227,Gentoo penguin (Pygoscelis papua),Anvers
228,Gentoo penguin (Pygoscelis papua),Anvers
229,Gentoo penguin (Pygoscelis papua),Anvers
230,Gentoo penguin (Pygoscelis papua),Anvers
231,Gentoo penguin (Pygoscelis papua),Anvers
232,Gentoo penguin (Pygoscelis papua),Anvers
233,Gentoo penguin (Pygoscelis papua),Anvers
234,Gentoo penguin (Pygoscelis papua),Anvers
235,Gentoo penguin (Pygoscelis papua),Anvers
236,Gentoo penguin (Pygoscelis papua),Anvers
237,Gentoo penguin (Pygoscelis papua),Anvers
238,Gentoo penguin (Pygoscelis papua),Anvers
239,Gentoo penguin (Pygoscelis papua),Anvers
240,Gentoo penguin (Pygoscelis papua),Anvers
241,Gentoo penguin (Pygoscelis papua),Anvers
242,Gentoo penguin (Pygoscelis papua),Anvers
243,Gentoo penguin (Pygoscelis papua),Anvers
244,Gentoo penguin (Pygoscelis papua),Anvers
245,Gentoo penguin (Pygoscelis papua),Anvers
246,Gentoo penguin (Pygoscelis papua),Anvers
247,Gentoo penguin (Pygoscelis papua),Anvers
248,Gentoo penguin (Pygoscelis papua),Anvers
249,Gentoo penguin (Pygoscelis papua),Anvers
250,Gentoo penguin (Pygoscelis papua),Anvers
251,Gentoo penguin (Pygoscelis papua),Anvers
252,Gentoo penguin (Pygoscelis papua),Anvers
253,Gentoo penguin (Pygoscelis papua),Anvers
254,Gentoo penguin (Pygoscelis papua),Anvers
255,Gentoo penguin (Pygoscelis papua),Anvers
256,Gentoo penguin (Pygoscelis papua),Anvers
257,Gentoo penguin (Pygoscelis papua),Anvers
258,Gentoo penguin (Pygoscelis papua),Anvers
259,Gentoo penguin (Pygoscelis papua),Anvers
260,Gentoo penguin (Pygoscelis papua),Anvers
261,Gentoo penguin (Pygoscelis papua),Anvers
262,Gentoo penguin (Pygoscelis papua),Anvers
263,Gentoo penguin (Pygoscelis papua),Anvers
264,Gentoo penguin (Pygoscelis papua),Anvers
265,Gentoo penguin (Pygoscelis papua),Anvers
266,Gentoo penguin (Pygoscelis papua),Anvers
267,Gentoo penguin (Pygoscelis papua),Anvers
268,Gentoo penguin (Pygoscelis papua),Anvers
269,Gentoo penguin (Pygoscelis papua),Anvers
270,Gentoo penguin (Pygoscelis papua),Anvers
271,Gentoo penguin (Pygoscelis papua),Anvers
272,Gentoo penguin (Pygoscelis papua),Anvers
273,Gentoo penguin (Pygoscelis papua),Anvers
274,Gentoo penguin (Pygoscelis papua),Anvers
275,Gentoo penguin (Pygoscelis papua),Anvers
276,Gentoo penguin (Pygoscelis papua),Anvers
277,Gentoo penguin (Pygoscelis papua),Anvers
278,Gentoo penguin (Pygoscelis papua),Anvers
279,Gentoo penguin (Pygoscelis papua),Anvers
280,Gentoo penguin (Pygoscelis papua),Anvers
281,Gentoo penguin (Pygoscelis papua),Anvers
282,Gentoo penguin (Pygoscelis papua),Anvers
283,Gentoo penguin (Pygoscelis papua),Anvers
284,Gentoo penguin (Pygoscelis papua),Anvers
285,Gentoo penguin (Pygoscelis papua),Anvers
286,Gentoo penguin (Pygoscelis papua),Anvers
287,Gentoo penguin (Pygoscelis papua),Anvers
288,Gentoo penguin (Pygoscelis papua),Anvers
289,Gentoo penguin (Pygoscelis papua),Anvers
290,Gentoo penguin (Pygoscelis papua),Anvers
291,Gentoo penguin (Pygoscelis papua),Anvers
292,Gentoo penguin (Pygoscelis papua),Anvers
293,Gentoo penguin (Pygoscelis papua),Anvers
294,Gentoo penguin (Pygoscelis papua),Anvers
295,Gentoo penguin (Pygoscelis papua),Anvers
296,Gentoo penguin (Pygoscelis papua),Anvers
297,Gentoo penguin (Pygoscelis papua),Anvers
298,Gentoo penguin (Pygoscelis papua),Anvers
299,Gentoo penguin (Pygoscelis papua),Anvers
300,Gentoo penguin (Pygoscelis papua),Anvers
301,Gentoo penguin (Pygoscelis papua),Anvers
302,Gentoo penguin (Pygoscelis papua),Anvers
303,Gentoo penguin (Pygoscelis papua),Anvers
304,Gentoo penguin (Pygoscelis papua),Anvers
305,Gentoo penguin (Pygoscelis papua),Anvers
306,Gentoo penguin (Pygoscelis papua),Anvers
307,Gentoo penguin (Pygoscelis papua),Anvers
308,Gentoo penguin (Pygoscelis papua),Anvers
309,Gentoo penguin (Pygoscelis papua),Anvers
310,Gentoo penguin (Pygoscelis papua),Anvers
311,Gentoo penguin (Pygoscelis papua),Anvers
312,Gentoo penguin (Pygoscelis papua),Anvers
313,Gentoo penguin (Pygoscelis papua),Anvers
314,Gentoo penguin (Pygoscelis papua),Anvers
315,Gentoo penguin (Pygoscelis papua),Anvers
316,Gentoo penguin (Pygoscelis papua),Anvers
317,Gentoo penguin (Pygoscelis papua),Anvers
318,Gentoo penguin (Pygoscelis papua),Anvers
319,Gentoo penguin (Pygoscelis papua),Anvers
320,Gentoo penguin (Pygoscelis papua),Anvers
321,Gentoo penguin (Pygoscelis papua),Anvers
322,Gentoo penguin (Pygoscelis papua),Anvers
323,Gentoo penguin (Pygoscelis papua),Anvers
324,Gentoo penguin (Pygoscelis papua),Anvers
325,Gentoo penguin (Pygoscelis papua),Anvers
326,Gentoo penguin (Pygoscelis papua),Anvers
327,Gentoo penguin (Pygoscelis papua),Anvers
328,Gentoo penguin (Pygoscelis papua),Anvers
329,Gentoo penguin (Pygoscelis papua),Anvers
330,Gentoo penguin (Pygoscelis papua),Anvers
331,Gentoo penguin (Pygoscelis papua),Anvers
332,Gentoo penguin (Pygoscelis papua),Anvers
333,Gentoo penguin (Pygoscelis papua),Anvers
334,Gentoo penguin (Pygoscelis papua),Anvers
335,Gentoo penguin (Pygoscelis papua),Anvers
336,Gentoo penguin (Pygoscelis papua),Anvers
337,Gentoo penguin (Pygoscelis papua),Anvers
338,Gentoo penguin (Pygoscelis papua),Anvers
339,Gentoo penguin (Pygoscelis papua),Anvers
340,Gentoo penguin (Pygoscelis papua),Anvers
341,Gentoo penguin (Pygoscelis papua),Anvers
342,Gentoo penguin (Pygoscelis papua),Anvers
343,Gentoo penguin (Pygoscelis papua),Anvers
